Song,Artist,YouTube Link,YouTube Official,Vevo Link
Fight Song,Rachel Platten,https://www.youtube.com/watch?v=xo1VInw-SKc,True,
Bad Blood,Taylor Swift,https://www.youtube.com/watch?v=QcIy9NiNbmo,True,
Blank Space,Taylor Swift,https://www.youtube.com/watch?v=e-ORhEE9VVg,True,
Chandelier,Sia,https://www.youtube.com/watch?v=2vjPBrBU-TM,True,
Ramukanji,Onetox,https://www.youtube.com/watch?v=WNicT_k9YS0,False,
Tuolumne,Eddie Vedder,https://www.youtube.com/watch?v=en11fCbW-gw,False,
Time to Say Goodbye,Andrea Boccelli & Sarah Brightman,https://www.youtube.com/watch?v=g3ENX3aHlqU,False,
Danza Kuduro,Don Omar ft. Lucenzo,https://www.youtube.com/watch?v=7zp1TbLFPp8,True,http://www.vevo.com/watch/don-omar/Danza-Kuduro/USUV71001653
Bailando,"Enrique Iglesias ft. Descemer, Gente De Zona",https://www.youtube.com/watch?v=NUsoVlDFqZg,True,
Bailando (English),"Enrique Iglesias ft. Sean Paul, Descemer Bueno, Gente De Zona",https://www.youtube.com/watch?v=b8I-7Wk_Vbc,True,
See You Again,Wiz Khalifa ft. Charlie Puth,https://www.youtube.com/watch?v=RgKAFK5djSk,True,
Oh Boy,Cam'Ron ft. Juelz Santana,https://www.youtube.com/watch?v=9GvB9ySUJ3A,True,
If I Could Go,Angie Martinez ft. Lil' Mo & Sacario,https://www.youtube.com/watch?v=0dzY0YReR1E,False,
Hotel,Cassidy ft. R. Kelly,https://www.youtube.com/watch?v=MKOT6teSarY,True,
Thong Song,Sisqo,https://www.youtube.com/watch?v=Oai1V7kaFBk,True,
Clair de Lune,Claude Debussy,https://www.youtube.com/watch?v=ea2WoUtbzuw,False,
Moonlight Sonata,Beethoven,https://www.youtube.com/watch?v=4Tr0otuiQuU,False,
Dance Of The Swans,Tchaikovsky,https://www.youtube.com/watch?v=sd4VsbM4fOo,False,
Girl Next Door,Saving Jane,https://www.youtube.com/watch?v=yZEIyUT79xU,False,
Con te Partiro,Andrea Bocelli,https://www.youtube.com/watch?v=FGIfE1SjLC0,False,
The Final Countdown,Europe,https://www.youtube.com/watch?v=9jK-NcRmVcw,True,
Eye of the Tiger,Survivor,https://www.youtube.com/watch?v=btPJPFnesV4,True,
Livin' on a Prayer,Bon Jovi,https://www.youtube.com/watch?v=lDK9QqIzhwk,True,
Crank That,Soulja Boy Tell'em,https://www.youtube.com/watch?v=8UFIYGkROII,True,
Say It Right,Nelly Furtado,https://www.youtube.com/watch?v=6JnGBs88sL0,True,
Promiscuous,Nelly Furtado ft. Timbaland,https://www.youtube.com/watch?v=0J3vgcE5i2o,True,
Kernkraft 400,Zombie Nation,https://www.youtube.com/watch?v=z5LW07FTJbI,False,
Loca People,Sak Noel,https://www.youtube.com/watch?v=vZLd81IHGQw,False,
Paso (The Nini Anthem),Sak Noel,https://www.youtube.com/watch?v=kmAjp77ovEo,False,
The Adventure,Angels and Airwaves,https://www.youtube.com/watch?v=JMl8cQjBfqk,True,
The Last of the Mohicans,,https://www.youtube.com/watch?v=-7tzxwg6sHY,False,
I'm Shipping Up to Boston,Dropkick Murphys,https://www.youtube.com/watch?v=x-64CaD8GXw,False,
Shut Up and Dance,Walk the Moon,https://www.youtube.com/watch?v=6JCLY0Rlx6Q,True,
"Whenever, Wherever",Shakira,https://www.youtube.com/watch?v=weRHyjj34ZE,True,
Hips Don't Lie,Shakira ft. Wyclef Jean,https://www.youtube.com/watch?v=DUT5rEU6pqM,True,
La La La (Brazil 2014),Shakira ft. Carlinhos Brown,https://www.youtube.com/watch?v=7-7knsP2n5w,True,
Waka Waka (This Time for Africa) (The Official 2010 FIFA World Cup™ Song),Shakira,https://www.youtube.com/watch?v=pRpeEdMmmQ0,True,
Can't Remember to Forget You,Shakira ft. Rihanna,https://www.youtube.com/watch?v=o3mP3mJDL2k,True,
23,"Mike WiLL Made-It ft. Miley Cyrus, Wiz Khalifa, Juicy J",https://www.youtube.com/watch?v=bbEoRnaOIbs,True,
Forever,"Drake, Kanye West, Lil Wayne, Eminem",https://www.youtube.com/watch?v=eDuRoPIOBjE,True,
Cheers (Drink To That),Rihanna,https://www.youtube.com/watch?v=ZR0v0i63PQ4,True,
Sail,AWOLNATION,https://www.youtube.com/watch?v=nYDba1UsgHc,False,
Wagon Wheel,Darius Rucker,https://www.youtube.com/watch?v=hvKyBcCDOB4,True,
Cruise,Florida Georgia Line,https://www.youtube.com/watch?v=8PvebsWcpto,True,
Cruise,Florida Georgia Line ft. Nelly,https://www.youtube.com/watch?v=bmZ9xRO7M9M,True,
"1,2, Step",Ciara ft. Missy Elliott,https://www.youtube.com/watch?v=iBHNgV6_znU,True,
Oh,Ciara ft. Ludacris,https://www.youtube.com/watch?v=Hr4wz4-27PY,True,
Yeah!,"Usher ft. Lil Joh, Ludacris",https://www.youtube.com/watch?v=GxBSyx85Kp8,True,
"Suerte (Whenever, Whereever)",Shakira,https://www.youtube.com/watch?v=a8Rwz6zBJSE,True,
Block Rocking Beats,The Chemical Brothers,https://www.youtube.com/watch?v=iTxOKsyZ0Lw,False,
Voodoo People,The Prodigy,https://www.youtube.com/watch?v=XQEBzauVIlA,True,
Firestarter,The Prodigy,https://www.youtube.com/watch?v=wmin5WkOuPw,True,
Breath,The Prodigy,https://www.youtube.com/watch?v=rmHDhAohJlQ,True,
Name of the Game,The Crystal Method,https://www.youtube.com/watch?v=A12-KN5UijA,True,
Priase You,Fatboy Slim,https://www.youtube.com/watch?v=ruAi4VBoBSM,True,
"Right Here, Right Now",Fatboy Slim,https://www.youtube.com/watch?v=ub747pprmJ8,True,
Weapon of Choice,Fatboy Slim,https://www.youtube.com/watch?v=wCDIYvFmgW8,True,
Chicken Fried,Zac Brown Band,https://www.youtube.com/watch?v=e4ujS1er1r0,True,
Whatever It Is,Zac Brown Band,https://www.youtube.com/watch?v=7RJrNnRpVHg,True,
Baba O'riley,The Who,https://www.youtube.com/watch?v=x2KRpRMSu4g,False,
Break Up In A Small Town,Sam Hunt,https://www.youtube.com/watch?v=YOb4VUgRqo0,True,
Good Feeling,Flo Rida,https://www.youtube.com/watch?v=3OnnDqH6Wj8,True,
Wild Ones,Flo Rida ft. Sia,https://www.youtube.com/watch?v=bpOR_HuHRNs,True,
One Love,The Prodigy,https://www.youtube.com/watch?v=bcxnbfRYM-g,True,
Wrecking Ball,Miley Cyrus,,,http://www.vevo.com/watch/miley-cyrus/Wrecking-Ball/USRV81300400
Wildest Dreams,Taylor Swift,,,http://www.vevo.com/watch/taylor-swift/Wildest-Dreams/USCJY1531576
Give Me Everything,"Pitbull ft. Ne-Yo, Afrojack, & Nayer",https://www.youtube.com/watch?v=EPo5wWmKEaI,True,http://www.vevo.com/watch/pitbull/Give-Me-Everything/USJRV1100012
Dibs,Kelsea Ballerini,https://www.youtube.com/watch?v=e3lCzEOy5xs,True,http://www.vevo.com/watch/kelsea-ballerini/Dibs-(Official-Video)/USS9T1500050
He Got Game,Public Enemy,,,http://www.vevo.com/watch/public-enemy/He-Got-Game/USUV70501452
"Young, Wild, and Free",Snoop Dogg & Wiz Khalifa ft. Bruno Mars,https://www.youtube.com/watch?v=Wa5B22KAkEk,True,
Regulate,Warren G ft. Nate Dogg,,,http://www.vevo.com/watch/warren-g/Regulate/USDJM0400033
Still Fly,Big Tymers,https://www.youtube.com/watch?v=9iCd6UHR-3I,True,
Good Life,One Republic,https://www.youtube.com/watch?v=jZhQOvvV45w,True,http://www.vevo.com/watch/onerepublic/Good-Life/USUV71100077
Watch Me (Whip/Nae Nae),Silento,,,http://www.vevo.com/watch/silento/Watch-Me-(Whip-Nae-Nae)-(Official)/USUV71501552
Turn Down for What,DJ Snake & Lil Jon,,,http://www.vevo.com/watch/dj-snake/Turn-Down-for-What/USSM21400389
Because of You,Kelly Clarkson,,,http://www.vevo.com/watch/kelly-clarkson/Because-Of-You/USRV80500249
Genie in a Bottle,Christina Aguilera,,,http://www.vevo.com/watch/christina-aguilera/Genie-In-A-Bottle/USRV89900015
Genio Atrapado,Christina Aguilera,,,http://www.vevo.com/watch/christina-aguilera/Genio-Atrapado/USRV80000005
I'm With You,Avril Lavigne,,,http://www.vevo.com/watch/avril-lavigne/Im-With-You/USAV70200073
Unwritten,Natasha Bedingfield,https://www.youtube.com/watch?v=b7k0a5hYnSI,True,http://www.vevo.com/watch/natasha-bedingfield/Unwritten-(US-Version)-(Official-Video)/GB1100501430
Complicated,Avril Lavigne,,,http://www.vevo.com/watch/avril-lavigne/Complicated-(Official-Video)/USAV70400067
Wake Up,Hilary Duff,,,http://www.vevo.com/watch/hilary-duff/Wake-Up/USH5V0520253
When I Grow Up,The Pussycat Dolls,,,http://www.vevo.com/watch/the-pussycat-dolls/When-I-Grow-Up/USUV70801688
Don't Cha,The Pussycat Dolls,,,http://www.vevo.com/watch/the-pussycat-dolls/Dont-Cha/USIV20500327
Buttons,The Pussycat Dolls ft. Snoop Dogg,,,http://www.vevo.com/watch/the-pussycat-dolls/Buttons/USUV70601372
Sparks Fly,Taylor Swift,,,http://www.vevo.com/watch/taylor-swift/Sparks-Fly/USCJY1103872
22,Taylor Swift,,,http://www.vevo.com/watch/taylor-swift/22/USCJY1231268
Love Story,Taylor Swift,,,http://www.vevo.com/watch/taylor-swift/Love-Story/USCJY0803276
Friend Zone,Danielle Bradbery,,,http://www.vevo.com/watch/danielle-bradbery/friend-zone/QM3E21505017
If You Want to Be Happy,Jimmy Soul,https://www.youtube.com/watch?v=9NF5XU-k2Vk,False,
Hallelujah,Leonard Cohen,https://www.youtube.com/watch?v=YrLk4vdY28Q,True,
Woke Up This Morning,Alabama 3,https://www.youtube.com/watch?v=9W3A34TTxFU,False,
Long Black Train,Josh Turner,https://www.youtube.com/watch?v=JGbSbAWp7Jo,Opry,
Three Wooden Crosses,Randy Travis,https://www.youtube.com/watch?v=4HPl9Dlox00,Opry,
Dixieland Delight / Will The Circle Be Unbroken,Alabama,https://www.youtube.com/watch?v=V8ldpldV5mk,Opry,
Traveling Soilder,Dixie Chicks,https://www.youtube.com/watch?v=6C0QS3IDyP8,False,
Goodbye Earl,Dixie Chicks,https://www.youtube.com/watch?v=Gw7gNf_9njs,True,
Landslide,Dixie Chicks,https://www.youtube.com/watch?v=J4_wXPZ1Bnk,True,
Wide Open Spaces,Dixie Chicks,https://www.youtube.com/watch?v=dom7VlltBUc,True,
You're the Reason God Made Oklahoma,Blake Shelton & Miranda Lambert,https://www.youtube.com/watch?v=bF-YE_zFBzI,False,
All the Gold in California,The Gatlin Brothers,https://www.youtube.com/watch?v=otAvQ2N3NLc,False,
Song of the South,Alabama,https://www.youtube.com/watch?v=lHdXQAQHjd8,True,
Forty Hour Week (For a Livin'),Alabama,https://www.youtube.com/watch?v=S-G2J3RzURA,True,
Angels Among Us,Alabama,https://www.youtube.com/watch?v=y_4Xfj2LRSA,True,
God Bless the USA,Lee Greenwood,https://www.youtube.com/watch?v=Q65KZIqay4E,False,
Remember When,Alan Jackson,https://www.youtube.com/watch?v=TTA2buWlNyM,True,
Where Were You When the World Stopped Turning,Alan Jackson,https://www.youtube.com/watch?v=fvj6zdWLUuk,False,
The Rainbow Connection,Debbie Harry & Kermit the Frog,https://www.youtube.com/watch?v=h0Hd3uWKFKY,False,
Summer of 69,Bryan Adams,https://www.youtube.com/watch?v=9f06QZCVUHg,False,
Call Me Maybe,Carly Rae Jepsen,https://www.youtube.com/watch?v=fWNaR-rxAic,True,
TiK ToK,Ke$ha,https://www.youtube.com/watch?v=iP6XpLQM2Cs,True,
Your Love Is My Drug,Ke$ha,https://www.youtube.com/watch?v=QR_qa3Ohwls,True,
We R Who We R,Ke$ha,https://www.youtube.com/watch?v=mXvmSaE0JXA,True,
Timber,Pitbull ft. Ke$ha,https://www.youtube.com/watch?v=hHUbLv4ThOo,True,
Time of Our Lives,"Pitbull, Ne-Yo",https://www.youtube.com/watch?v=bTXJQ5ql5Fw,True,
Beauty and a Beat,Justin Bieber ft. Nicki Minaj,https://www.youtube.com/watch?v=Ys7-6_t7OEQ,True,
We Can't Stop,Miley Cyrus,https://www.youtube.com/watch?v=LrUvu1mlWco,True,
Calabria,Rune RK,https://www.youtube.com/watch?v=2URsD6vULew,True,
Calabria 2007,Enur ft. Natasja,https://www.youtube.com/watch?v=WL1hlzLsUaU,True,
Memories,David Guetta ft. Kid Cudi,https://www.youtube.com/watch?v=NUVCQXMUVnI,True,
Sexy Chick,David Guetta ft. Akon,https://www.youtube.com/watch?v=N9hazmsUxrM,True,
Day 'n' Night,Kid Cudi vs. Crookers,https://www.youtube.com/watch?v=WSWrepLjTKc,True,
Blow the Whistle,Too $hort,https://www.youtube.com/watch?v=CBJtzEKetBM,True,
Freek-A-Leek,Petey Pablo,https://www.youtube.com/watch?v=M48nlk-1kH8,True,
Salt Shaker,"Ying Yang Twins ft. Lil Jon & The East Side Boyz",https://www.youtube.com/watch?v=aJEzl31zL-I,True,
The General,Dispatch,https://www.youtube.com/watch?v=avh6i1ilHM8,True,
Titanium,David Guetta ft. Sia,https://www.youtube.com/watch?v=JRfuAukYTKg,True,
Better Off Alone,Alice DJ,https://www.youtube.com/watch?v=Lgs9QUtWc3M,True,
Everytime We Touch,Cascada,https://www.youtube.com/watch?v=4G6QDNC4jPs,True,
Heaven,"DJ Sammy ft. Yanou, Do",https://www.youtube.com/watch?v=rogM1w6lfBM,True,
A Thousand Miles,Vanessa Carlton,https://www.youtube.com/watch?v=Cwkej79U3ek,True,
Boys of Summer,DJ Sammy,https://www.youtube.com/watch?v=bPaG6IX6-eo,True,
One More Time,Daft Punk,https://www.youtube.com/watch?v=FGBhQbmPwH8,True,
Break Your Heart,Taio Cruz ft. Ludacris,https://www.youtube.com/watch?v=y_SI2EDM6Lo,True,
The Bad Touch,Bloodhound Gang,https://www.youtube.com/watch?v=xat1GVnl8-k,True,
Fire Water Burn,Bloodhound Gang,https://www.youtube.com/watch?v=Adgx9wt63NY,True,
Southern Hospitality,Ludacris,https://www.youtube.com/watch?v=2QWQVm9J5DM,True,
What's Your Fantasy,Ludacris ft. Shawnna,https://www.youtube.com/watch?v=mq-Ru6kQhE4,True,
My Chick Bad,Ludacris ft. Niki Minaj,https://www.youtube.com/watch?v=JqHliQijgvA,True,
Rollout (My Business),Ludacris,https://www.youtube.com/watch?v=t21DFnu00Dc,True,
How Low,Ludacris,https://www.youtube.com/watch?v=ox-lfowevqA,True,
The Boys of Summer,Don Henley,https://www.youtube.com/watch?v=g6z_NfTe6SI,False,
Heaven (Candlelight Slow Remix),DJ Sammy ft. Yanou,https://www.youtube.com/watch?v=BCD7bSgR2Xc,False,
Can't Get You Out of My Head,Kylie Minogue,https://www.youtube.com/watch?v=YPwtJ89jes4,True,
Come Into My World,Kylie Minogue,https://www.youtube.com/watch?v=63vqob-MljQ,True,
In Your Eyes,Kylie Minogue,https://www.youtube.com/watch?v=OjETibEMbJY,True,
Love at First Sight,Kylie Minogue,https://www.youtube.com/watch?v=NwWXiUDBOO0,True,
Higher,Taio Cruz ft. Kylie Minogue,https://www.youtube.com/watch?v=KRBS5WZMdik,True,
Mr Saxobeat,Alexandra Stan,https://www.youtube.com/watch?v=lAhHNCfA7NI,True,
No Boyfriend,"Sak Noel, Dj Kuba, Neitan ft. Mayra Veronica",https://www.youtube.com/watch?v=zJwB8IncHso,True,
#SELFIE,The Chainsmokers,https://www.youtube.com/watch?v=kdemFfbS5H0,True,
Oye Mi Canto,"N.O.R.E. ft. Nina Sky, Daddy Yankee, Big Mato & Gem Star",https://www.youtube.com/watch?v=d2rSOaz0X9Q,False,
Suga Suga,Baby Bash ft. Frankie J,https://www.youtube.com/watch?v=6rgStv12dwA,True,
Let Me Love You,Mario,https://www.youtube.com/watch?v=H64QG4UsrGI,True,
Dilemma,Nelly ft. Kelly Rowland,https://www.youtube.com/watch?v=8WYHDfJDPDc,True,
All I Have,Jennifer Lopez ft. LL Cool J,https://www.youtube.com/watch?v=yeSJ2YdhG5k,True,
Beautiful Girls,Sean Kingston,https://www.youtube.com/watch?v=MrTz5xjmso4,True,
Over and Over,Nelly ft. Tim McGraw,https://www.youtube.com/watch?v=n3htOCjafTc,True,
Ride Wit Me,Nelly ft. St. Lunatics,https://www.youtube.com/watch?v=RtSDWq6HsJE,True,
Say It Right,Nelly Furtado,https://www.youtube.com/watch?v=6JnGBs88sL0,True,
Mesmerize,Ja Rule ft. Ashanti,https://www.youtube.com/watch?v=VcP96KbFIIU,True,
I'm Real,Jennifer Lopez ft. Ja Rule,https://www.youtube.com/watch?v=Sjx9oSJDAVQ,True,
Love Don't Cost a Thing,Jennifer Lopez,https://www.youtube.com/watch?v=4kGvlESGvbs,True,
Jenny From the Block,Jennifer Lopez,https://www.youtube.com/watch?v=dly6p4Fu5TE,True,
Bleeding Love,Leona Lewis,https://www.youtube.com/watch?v=7_weSk0BonM,True,
Always Be My Baby,Mariah Carey,https://www.youtube.com/watch?v=LfRNRymrv9k,True,
Waiting For Tonight,Jennifer Lopez,https://www.youtube.com/watch?v=_66jPJVS4JE,True,
Hard Knock Life,Jay-Z,https://www.youtube.com/watch?v=8cM127-YVIw,False,
Downtown,Macklemore and Ryan Lewis,https://www.youtube.com/watch?v=JGhoLcsr8GA,True,
Thrift Shop,Macklemore and Ryan Lewis ft. Wanz,https://www.youtube.com/watch?v=QK8mJJJvaes,True,
4th of July,Shooter Jennings,https://www.youtube.com/watch?v=q_tS3NcdFT0,False,
Walk of Life,Shooter Jennings,https://www.youtube.com/watch?v=9jYH_V7osBg,True,
Knock You Down,"Keri Hilston ft. Kanye West, Ne-Yo",https://www.youtube.com/watch?v=p_RqWocthcc,True,
Mammas Don't Let Your Babies Grow Up to Be Cowboys,Waylon Jennings and Willie Nelson,https://www.youtube.com/watch?v=RePtDvh4Yq4,False,
Country Boys Can Survive,"Hank Williams, Jr.",https://www.youtube.com/watch?v=3cQNkIrg-Tk,True,
Parent's Just Don't Understand, DJ Jazzy Jeff and The Fresh Prince,https://www.youtube.com/watch?v=jW3PFC86UNI,True,
Just A Friend,Biz Markie,https://www.youtube.com/watch?v=9aofoBrFNdg,True,
Fuckin' Problems,"A$AP ROCKY ft. Drake, 2 Chainz, Kendrick Lamar",https://www.youtube.com/watch?v=liZm1im2erU,True,
Number One Stunna,"Birdman ft. Lil Wayne, Turk, Juvenile",https://www.youtube.com/watch?v=RfYFnQaGXEI,False,
Humble and Kind,Tim McGraw,https://www.youtube.com/watch?v=awzNHuGqoMc,True,
Love Me Like You Mean It,Kelsea Ballerini,https://www.youtube.com/watch?v=2r6N2JQQwg0,True,
Move Ya Body,Nina Sky,https://www.youtube.com/watch?v=Z0WTChSuiek,False,
99 Luftballoons,Nena,https://www.youtube.com/watch?v=La4Dcd1aUcE,False,
Stereo Love,Edward Maya & Vika Jigulina,https://www.youtube.com/watch?v=p-Z3YrHJ1sU,True,
Friday,Rebecca Black,https://www.youtube.com/watch?v=kfVsfOSbJY0,True,
Barely Getting By,Lil Rob,https://www.youtube.com/watch?v=yb1CCr8i2Og,False,
California,Lil Rob,https://www.youtube.com/watch?v=hlAvgNjzukg,False,
Summer Nights,Lil Rob,https://www.youtube.com/watch?v=eNdmbhj7UhQ,False,
Peter Pan,Kelsea Ballerini,https://www.youtube.com/watch?v=JmU0b8bxlG8,True,
Break Ya Neck,Busta Rhymes,https://www.youtube.com/watch?v=W7FfCJb8JZQ,True,
Pass The Courvoisier,"Busta Rhymes ft. P. Diddy, Pharrell",https://www.youtube.com/watch?v=o4ZUaxyPoZ8,True,
Make It Clap,"Busta Rhymes ft. Sean Paul, Spliff Starr",https://www.youtube.com/watch?v=vfy9MvMnyCg,True,
I Know What You Want,"Busta Rhymes, Mariah Carey ft. Flipmode Squad",https://www.youtube.com/watch?v=WDaNJW_jEBo,True,
I Need Your Love,Calvin Harris ft. Ellie Goulding,https://www.youtube.com/watch?v=AtKZKl7Bgu0,True,
Outside,Calvin Harris ft. Ellie Goulding,https://www.youtube.com/watch?v=J9NQFACZYEU,True,
Blame,Calvin Harris ft. John Newman,https://www.youtube.com/watch?v=6ACl8s_tBzE,True,
Summer,Calvin Harris,https://www.youtube.com/watch?v=ebXbLfLACGM,True,
Feel So Close,Calvin Harris,https://www.youtube.com/watch?v=dGghkjpNCQ8,True,
...Baby One More Time,Britney Spears,https://www.youtube.com/watch?v=C-u5WLJ9Yk4,True,
(You Drive Me) Crazy,Britney Spears,https://www.youtube.com/watch?v=Q4VK9_CfOLQ,True,
What is Love,Haddaway,https://www.youtube.com/watch?v=HEXWRTEbj1I,True,
Oops!...I Did It Again,Britney Spears,https://www.youtube.com/watch?v=CduA0TULnow,True,
Lucky,Britney Spears,https://www.youtube.com/watch?v=4vvBAONkYwI,True,
Stronger,Britney Spears,https://www.youtube.com/watch?v=AJWtLf4-WWs,True,
Lady Marmalade,"Christina Aguilera, Lil' Kim, Mya, Pink",https://www.youtube.com/watch?v=RQa7SvVCdZk,True,
"I'm Not A Girl, Not Yet A Woman",Britney Spears,https://www.youtube.com/watch?v=IlV7RhT6zHs,True,
Overprotected,Britney Spears,https://www.youtube.com/watch?v=PZYSiWHW8V0,True,
I'm a Slave 4 U,Britney Spears,https://www.youtube.com/watch?v=Mzybwwf2HoQ,True,
Boys,Britney Spears,https://www.youtube.com/watch?v=s25OMP4Ww6Y,True,
Graduation (Friends Forever),Vitamin C,https://www.youtube.com/watch?v=foyAOoVagWw,False,
Numb/Encore,Linkin Park ft. Jay-Z,https://www.youtube.com/watch?v=yNPECkESPbU,False,
My Heart Will Go On,Céline Dion,https://www.youtube.com/watch?v=WNIPqafd4As,True,
Wat Da Hook Gon Be,Murphy Lee ft. Jermaine Dupri,https://www.youtube.com/watch?v=WZ_rXp6nYKQ,True,
Epic,Faith No More,https://www.youtube.com/watch?v=ZG_k5CSYKhg,True,
Between Me & You,Ja Rule ft. Christina Milian,https://www.youtube.com/watch?v=P2yJJGA5Fys,True,
Bitter Sweet Symphony,The Verve,https://www.youtube.com/watch?v=1lyu1KKwC74,True,
Back That Ass Up,Juvenile,https://www.youtube.com/watch?v=WL2txMU50CI,False,
Dancing Queen,Abba,https://www.youtube.com/watch?v=xFrGuyw1V8s,True,
Get the Party Started,Pink,https://www.youtube.com/watch?v=mW1dbiD_zDk,True,
Angel,Shaggy ft. Rayvon,https://www.youtube.com/watch?v=XWJrPzAUzAs,True,
Listen To Your Heart,D.H.T.,https://www.youtube.com/watch?v=C4HJ0zfZ-EM,True,
Listen To Your Heart,Roxette,https://www.youtube.com/watch?v=yCC_b5WHLX0,True,
Killing Me Softly,Fugees,https://www.youtube.com/watch?v=8ppz-cwLeqo,False,
All The Things She Said,t.A.T.u.,https://www.youtube.com/watch?v=8mGBaXPlri8,True,
Я сошла с ума,t.A.T.u,https://www.youtube.com/watch?v=-F-JfWqMG6g,False,
What Do I Have to Do?,Stabbing Westward,https://www.youtube.com/watch?v=VNsVpL8TDLA,True,
Space Lorg,Monster Magnet,https://www.youtube.com/watch?v=dscfeQOMuGw,True,
Song 2,Blur,https://www.youtube.com/watch?v=SSbBvKaM6sk,True,
Runnin' (Dying To Live),Tupac ft. Notorious B.I.G.,https://www.youtube.com/watch?v=IsHBnS3ZLSY,False,
Total Eclipse of the Heart,Bonnie Tyler,https://www.youtube.com/watch?v=lcOxhH8N3Bo,True,
Where The Hood At,DMX,https://www.youtube.com/watch?v=6CqXgs-7ico,False,
Institutionalized,Suicidal Tendencies,https://www.youtube.com/watch?v=LoF_a0-7xVQ,False,
Starry Eyed Surprise,Paul Oakenfold ft. Shifty,https://www.youtube.com/watch?v=XRAUKrImMrs,False,
Hey Ma,Cam'Ron ft. Juelz Santana,https://www.youtube.com/watch?v=m60XKqEEnfg,True,
Proposition Fuck You,Methods of Mayhem,https://www.youtube.com/watch?v=vwoAxuZYclo,False,
Get Naked,Methods of Mayhem,https://www.youtube.com/watch?v=6KFV9_pM2c0,False,
Nookie,Limp Bizkit,https://www.youtube.com/watch?v=JTMVOzPPtiw,True,
Break Stuff,Limp Bizkit,https://www.youtube.com/watch?v=ZpUYjpKg9KY,True,
My Way,Limp Bizkit,https://www.youtube.com/watch?v=Dn8vzTsnPps,True,
Rollin',Limp Bizkit,https://www.youtube.com/watch?v=RYnFIRc0k6E,True,
My Generation,Limp Bizkit,https://www.youtube.com/watch?v=BE9CXWV1alg,True,
Slow Motion,Juvenile ft. Soulja Slim,https://www.youtube.com/watch?v=7GmdNxlAnJA,False,
He Loves You Not,DREAM,https://www.youtube.com/watch?v=IDjI3SD4Cr4,True,
This Is How We Do It,Montell Jordan,https://www.youtube.com/watch?v=0hiUuL5uTKc,True,
Slow Jamz,"Twista ft. Kanye West, Jamie Foxx",https://www.youtube.com/watch?v=hWmgsfiklcs,False,
Through the Wire,Kanye West,https://www.youtube.com/watch?v=Jr_5yTNvIt4,False,
Shake Ya Tailfeather,"Nelly ft. P. Diddy, Murphy Lee",https://www.youtube.com/watch?v=JkXrEUeULmc,False,
'03 Bonnie & Clyde,Jay-Z ft. Beyoncé,https://www.youtube.com/watch?v=dw-ldo8sTkc,False,
Accidentally in Love,Counting Crows,https://www.youtube.com/watch?v=QUypt2nvorM,True,
Big Yellow Taxi,Counting Crows ft. Vanessa Carlton,https://www.youtube.com/watch?v=tvtJPs8IDgU,True,
Hanginaround,Counting Crows,https://www.youtube.com/watch?v=ARiiO_41Id8,True,
A Long December,Counting Crows,https://www.youtube.com/watch?v=1D5PtyrewSs,True,
Round Here,Counting Crows,https://www.youtube.com/watch?v=SAe3sCIakXo,True,
Mr. Jones,Counting Crows,https://www.youtube.com/watch?v=-oqAU5VxFWs,True,
Take On Me,a-ha,https://www.youtube.com/watch?v=djV11Xbc914,True,
Baba O'riley,The Who,https://www.youtube.com/watch?v=x2KRpRMSu4g,False,
Thank You,Dido,https://www.youtube.com/watch?v=1TO48Cnl66w,True,
Stan,Eminem ft. Dido,https://www.youtube.com/watch?v=gOMhN-hfMtY,True,
The Cup of Life,Ricky Martin,https://www.youtube.com/watch?v=Ms3s4Boo_3E,False,
The Unforgiven II,Metallica,https://www.youtube.com/watch?v=G-Bn_kD6QN4,True,
These Words,Natasha Bedingfield,https://www.youtube.com/watch?v=e5RuGj0g1tk,True,
Thugz Mansion, Tupac,https://www.youtube.com/watch?v=7Cz_nOpxgCU,False,
Turn the Page,Bob Seger,https://www.youtube.com/watch?v=3khH9ih2XJg,False,
Turn the Page,Metallica,https://www.youtube.com/watch?v=qPOTEs_yTJo,True,
Wait and Bleed,Slipknot,https://www.youtube.com/watch?v=B1zCN0YhW1s,True,
The Joker,Steve Miller Band,https://www.youtube.com/watch?v=PmVusVh4TRQ,False,
What's Your Number?,Cypress Hill ft. Tim Armstong,https://www.youtube.com/watch?v=NFE7gTvalHw,True,
(Rock) Superstar,Cypress Hill,https://www.youtube.com/watch?v=W4VpE-0zitU,True,
Bad Boys for Life,P. Diddy,https://www.youtube.com/watch?v=3Yd4GG3bed0,False,
"Dance, Dance", Fall Out Boy,https://www.youtube.com/watch?v=C6MOKXm8x50,True,
Just Like a Pill,Pink,https://www.youtube.com/watch?v=JDKGWaCglRM,True,
Brimful of Asha,Cornershop,https://www.youtube.com/watch?v=lM7H0ooV_o8,True,
Californicaion,Red Hot Chili Peppers,https://www.youtube.com/watch?v=YlUKcNNmywk,True,
Otherside,Red Hot Chili Peppers,https://www.youtube.com/watch?v=rn_YodiJO6k,True,
Scar Tissue,Red Hot Chili Peppers,https://www.youtube.com/watch?v=mzJj5-lubeM,True,
Under the Bridge,Red Hot Chili Peppers,https://www.youtube.com/watch?v=GLvohMXgcBo,True,
Give It Away,Red Hot Chili Peppers,https://www.youtube.com/watch?v=Mr_uHJPUlO8,True,
Dani California,Red Hot Chili Peppers,https://www.youtube.com/watch?v=Sb5aq5HcS1A,True,
Dirt Road Anthem,Jason Aldean,https://www.youtube.com/watch?v=Lb9q1ScC4cg,True,
Wagon Wheel,Old Crow Medicine Show,https://www.youtube.com/watch?v=1gX1EP6mG-E,True,
Baby It's You,JoJo,https://www.youtube.com/watch?v=WvztfuQLptA,True,
Baby It's You,JoJo ft. Bow Wow,https://www.youtube.com/watch?v=nZ6HEFUPOm8,True,
All My Life,K-Ci & JoJo,https://www.youtube.com/watch?v=DXvMT_mVbqw,True,
My Own Worst Enemy,Lit,https://www.youtube.com/watch?v=sc5iTNVEOAg,True,
Panda,Desiigner,https://www.youtube.com/watch?v=E5ONTXHS2mM,True,
Boyz N' Tha Hood,Eazy E,https://www.youtube.com/watch?v=RwPMKozHPCM,True,
Country Grammar (Hot Shit),Nelly,https://www.youtube.com/watch?v=Y5qKNlcUwKs,True,
Miserable,Lit,https://www.youtube.com/watch?v=kMOeTLLeaDU,True,
Butterfly,Crazy Town,https://www.youtube.com/watch?v=IKzX5zRdsq0,False,
Breakfast At Tiffany's,Deep Blue Something,https://www.youtube.com/watch?v=1ClCpfeIELw,True,
Ooh La La,The Wiseguys,https://www.youtube.com/watch?v=q8w5brfBqEM,False,
Damn It Feels Good to Be a Gangsta,Geto Boys,https://www.youtube.com/watch?v=8u84d7nY8pQ,False,
Tell Me,Smilez & Southstar,https://www.youtube.com/watch?v=T_wwEglFUb4,False,
Semi-Charmed Life,Third Eye Blind,https://www.youtube.com/watch?v=MyjTrwOMSO4,False,
Stacy's Mom,Fountains of Wayne,https://www.youtube.com/watch?v=dZLfasMPOU4,True,
Battleflag,Lo Fidelity Allstars],https://www.youtube.com/watch?v=ZuwWvPGul3o,False,
Anthem for the Year 2000,Silverchair,https://www.youtube.com/watch?v=ShiShrR_nh8,True,
Back at One,Brian McKnight,https://www.youtube.com/watch?v=NKe3I6YpY_I,False,
Rappers Delight,Sugarhill Gang,https://m.youtube.com/watch?v=rKTUAESacQM,False,
Lean On,Major Lazer & DJ Snake ft. MØ,https://www.youtube.com/watch?v=YqeW9_5kURI,True,
This Is What You Came For,Calvin Harris ft. Rihanna,https://www.youtube.com/watch?v=kOkQ4T5WO9E,True,
Style,Taylor Swift,https://www.youtube.com/watch?v=-CmadmM5cOk,True,
Ready to Go,Republica,https://www.youtube.com/watch?v=JgffRW1fKDk,True,
Get Ready for This,2 Unlimited,https://www.youtube.com/watch?v=WvTm_BhZdOE,False,
SIRIUS,The Alan Parsons Project,https://www.youtube.com/watch?v=Mp0ZISBYidI,False,
So ein schöner Tag (Fliegerlied),DONIKKL,https://www.youtube.com/watch?v=Q65fxgCQeyA,True,
Atemlos durch die Nacht,Helene Fischer,https://www.youtube.com/watch?v=2czABFw6RnE,True,
Opposite Of Adults,Chiddy Bang,https://www.youtube.com/watch?v=ep1ilHpTvSM,True,
Remember The Name,Fort Minor,https://www.youtube.com/watch?v=VDvr08sCPOc,True,
Paper Planes,M.I.A.,https://www.youtube.com/watch?v=ewRjZoRtu0Y,True,
6 Underground,Sneaker Pimps,https://www.youtube.com/watch?v=2eBZqmL8ehg,False,
I Love College,Asher Roth,https://www.youtube.com/watch?v=qYx7YG0RsFY,True,
Pursuit Of Happiness,Kid Cudi ft. MGMT,https://www.youtube.com/watch?v=7xzU9Qqdqww,True,
Don't You Worry Child,Swedish House Mafia ft. John Martin,https://www.youtube.com/watch?v=1y6smkh6c-0,True,
If I Ruled the World (Imagine That),Nas,https://www.youtube.com/watch?v=mlp-IIG9ApU,True,
Ruff Ryders' Anthem,DMX,https://www.youtube.com/watch?v=ThlhSnRk21E,True,
Pursuit of Happiness (Steve Aoki Remix),Kid Cudi,https://www.youtube.com/watch?v=1jre6_FBBc0,False,
Breathe,Faith Hill,https://www.youtube.com/watch?v=yCmsZUN4r_s,True,
The Way You Love Me,Faith Hill,https://www.youtube.com/watch?v=o8EamHKpdrM,True,
This Kiss,Faith Hill,https://www.youtube.com/watch?v=dls_cBmUt7Q,True,
Like We Never Loved At All,Faith Hill ft. Tim McGraw,https://www.youtube.com/watch?v=s7Qob5zr2Bk,True,
You're Still The One,Shania Twain,https://www.youtube.com/watch?v=KNZH-emehxA,True,
Picture,Kid Rock ft. Sheryl Crow,https://www.youtube.com/watch?v=rKFx0MMqb48,True,
Strawberry Wine,Deana Carter,https://www.youtube.com/watch?v=Up06CryWQpE,True,
I Hope You Dance,Lee Ann Womack,https://www.youtube.com/watch?v=RV-Z1YwaOiw,True,
You And Tequila,Kenny Chesney ft. Grace Potter,https://www.youtube.com/watch?v=Q8XkLrErSHw,True,
Get It Started,Pitbull ft. Shakira,https://www.youtube.com/watch?v=q5SG7U76tls,True,
Pirate Flag,Kenny Chesney,https://www.youtube.com/watch?v=IqIRpnsUvP4,True,
La Tortura,Shakira ft. Alejandro Sanz,https://www.youtube.com/watch?v=Dsp_8Lm1eSk,True,
Loca (Spanish Version),Shakira ft. El Cata,https://www.youtube.com/watch?v=XAhTt60W7qo,True,
Rabiosa (English Version),Shakira ft. Pitbull,https://www.youtube.com/watch?v=a5irTX82olg,True,
Lo Hecho Está Hecho,Shakira ft. Pitbull,https://www.youtube.com/watch?v=MwexBmGiaEM,True,
Sexy Beaches,Pitbull ft. Chloe Angelides,https://www.youtube.com/watch?v=sOUQ3kfxEaQ,True,
All I Do Is Win,"DJ Khaled ft. Ludacris, Rick Ross, T-Pain, Snoop Dogg",https://www.youtube.com/watch?v=GGXzlRoNtHU,True,
Country Girl (Shake It For Me),Luke Bryan,https://www.youtube.com/watch?v=7HX4SfnVlP4,True,
Cowboy,Kid Rock,https://www.youtube.com/watch?v=glb2U6y-GdU,True,
Only God Knows Why,Kid Rock,https://www.youtube.com/watch?v=0DQup4hd1_o,True,
8th Of November,Big & Rich,https://www.youtube.com/watch?v=ozpdBvB0hek,True,
Save A Horse (Ride A Cowboy),Big & Rich,https://www.youtube.com/watch?v=Qt0_oPPK6eA,True,
Letters from Home,John Michael Montgomery,https://www.youtube.com/watch?v=X75sVw0xH2c,True,
Messin' Around,Pitbull with Enrique Iglesias,https://www.youtube.com/watch?v=6X3SAs-5GUE,True,
Rain Over Me,Pitbull ft. Marc Anthony,https://www.youtube.com/watch?v=SmM0653YvXU,True,
What A Girl Wants,Christina Aguilera,https://www.youtube.com/watch?v=hpspGHeLOPE,True,
Dirrty,Christina Aguilera ft. Redman,https://www.youtube.com/watch?v=4Rg3sAb8Id8,True,
Come On Over (All I Want Is You),Christina Aguilera,https://www.youtube.com/watch?v=0RQDIJ2CvbA,True,
Can't Hold Us Down,Christina Aguilera,https://www.youtube.com/watch?v=dg8QgUIKXHw,True,
Fighter,Christina Aguilera,https://www.youtube.com/watch?v=PstrAfoMKlc,True,
Beautiful,Christina Aguilera,https://www.youtube.com/watch?v=eAfyFTzZDMM,True,
Behind These Hazel Eyes,Kelly Clarkson,https://www.youtube.com/watch?v=yipoOY56MbM,True,
Breakaway,Kelly Clarkson,https://www.youtube.com/watch?v=c-3vPxKdj6o,True,
Since U Been Gone,Kelly Clarkson,https://www.youtube.com/watch?v=R7UrFYvl5TE,True,
Wannabe,Spice Girls,https://www.youtube.com/watch?v=gJLIiF15wjQ,True,
Say You'll Be There,Spice Girls,https://www.youtube.com/watch?v=9ro0FW9Qt-4,True,
2 Become 1,Spice Girls,https://www.youtube.com/watch?v=FA5jsa1lR9c,True,
Zombie,The Cranberries,https://www.youtube.com/watch?v=6Ejga4kJUts,True,
Don't Speak,No Doubt,https://www.youtube.com/watch?v=TR3Vdo5etCQ,True,
Crazy,Aerosmith,https://www.youtube.com/watch?v=NMNgbISmF4I,True,
Torn,Natalie Imbruglia,https://www.youtube.com/watch?v=VV1XWJN3nJo,True,
White Flag,Dido,https://www.youtube.com/watch?v=j-fWDrZSiZs,True,
Clint Eastwood,Gorillaz,https://www.youtube.com/watch?v=UclCCFNG9q4,True,
Drink a Beer,Luke Bryan,https://www.youtube.com/watch?v=f4qqdbRMYG0,True,
The Seashores of Old Mexico,George Strait,https://www.youtube.com/watch?v=V-9FdWmZqRQ,True,
Toes,Zac Brown Band,https://www.youtube.com/watch?v=lB8Nkn3Xjes,True,
Call on Me, Eric Prydz,https://www.youtube.com/watch?v=L_fCqg92qks,True,
Scary Monsters And Nice Sprites,SKRILLEX,https://www.youtube.com/watch?v=WSeNSzJ2-Jw,True,
Because The Night,Cascada,https://www.youtube.com/watch?v=qUH-xk2MxAE,False,
People Are Crazy,Billy Currington,https://www.youtube.com/watch?v=PKpQRjj_WbU,True,
You Should Be Here,Cole Swindell,https://www.youtube.com/watch?v=K8WlCqZPTeg,True,
Pretty Good At Drinkin' Beer,Billy Currington,https://www.youtube.com/watch?v=XtMy5IBmX7E,True,
Home,Edward Sharp & The Magnetic Zeros,https://www.youtube.com/watch?v=DHEOF_rcND8,True,
Nightswimming & Joey,Sugarland,https://www.youtube.com/watch?v=hFUz6Ynt5Vs,True,
Hollaback Girl,Gwen Stefani,https://www.youtube.com/watch?v=Kgjkth6BRRY,True,
The Sweet Escape,Gwen Stefani ft. Akon,https://www.youtube.com/watch?v=O0lf_fE3HwA,True,
Rich Girl,Gwen Stefani ft. Eve,https://www.youtube.com/watch?v=9rlNpWYQunY,True,
Let Me Blow Ya Mind,Eve ft. Gwen Stefani,https://www.youtube.com/watch?v=Wt88GMJmVk0,True,
Bootylicious,Destiny's Child,https://www.youtube.com/watch?v=IyYnnUcgeMc,True,
Can't Fight the Moonlight,LeAnn Rimes,https://www.youtube.com/watch?v=bx3s99FNXzI,True,
When Worlds Collide,Powerman 5000,https://www.youtube.com/watch?v=lsV500W4BHU,True,
Soul Meets Body,Death Cab for Cutie,https://www.youtube.com/watch?v=uizQVriWp8M,True,
Desperately Wanting,Better Than Ezra,https://www.youtube.com/watch?v=v74yTy1UTuk,False,
Screaming Infidelities,Dashboard Confessional,https://www.youtube.com/watch?v=tuv_TB_XR2c,False,
Goodbye To You,Michelle Branch,https://www.youtube.com/watch?v=NERmgwWfnoI,True,
Got Your Money,Ol' Dirty Bastard ft. Kelis,https://www.youtube.com/watch?v=gKw5mBh4rYs,False,
Ghetto Supastar,"Pras ft. Ol' Dirty Bastard, Mya",https://www.youtube.com/watch?v=RtIGCGu9L90,False,
Can't Deny It, Fabolous ft. Nate Dogg,https://www.youtube.com/watch?v=ch7_lqItJmY,False,
"Bump, Bump, Bump",B2K ft. P. Diddy,https://www.youtube.com/watch?v=P5srqkATtOE,False,
Gimme The Light,Sean Paul,https://www.youtube.com/watch?v=8MmW_GOFS8I,True,
Cheap Thrills,Sia ft Sean Paul (DJ Billy Remix),https://www.youtube.com/watch?v=mbkByrkB64Y,False,
Wake Me Up,Avicii,https://www.youtube.com/watch?v=IcrbM1l_BoI,True,
Teenage Dream,Katy Perry,https://www.youtube.com/watch?v=98WtmW-lfeE,True,
Say It Right,Nelly Furtado,https://www.youtube.com/watch?v=6JnGBs88sL0,True,
Promiscuous,Nelly Furtado ft. Timbaland,https://www.youtube.com/watch?v=0J3vgcE5i2o,True,
Suavemente,"Nayer Ft. Pitbull, Mohombi",https://www.youtube.com/watch?v=d19eBjpP2Aw,False,
Pump Up The Jam,Technotronic,https://www.youtube.com/watch?v=9EcjWd-O4jI,True,
Groove Is In The Heart,Deee-Lite,https://www.youtube.com/watch?v=etviGf1uWlg&app=desktop,True,
Push It,Salt-N-Pepa,https://www.youtube.com/watch?v=vCadcBR95oU&app=desktop,True,
Setting the World On Fire,Kenny Chesney ft. Pink,https://www.youtube.com/watch?v=mDBxlVLTaQA,True,
Fell This Moment,Pitbull ft. Christina Aguilera,https://www.youtube.com/watch?v=5jlI4uzZGjU,True,
Don't Let Me Down,The Chainsmokers,https://www.youtube.com/watch?v=Io0fBr1XBUA,True,
Cheap Thrills,Sia ft Sean Paul (Sehck Remix),https://www.youtube.com/watch?v=BsBM7lp68g0,False,
Habibi I Love You,Ahmed Chawki ft. Pitbull,https://www.youtube.com/watch?v=TyZEwpDPCCw,True,
How Deep Is Your Love,Calvin Harris and Disciples,https://www.youtube.com/watch?v=EgqUJOudrcM,True,
Hotel Room Service,Pitbull,https://www.youtube.com/watch?v=2up_Eq6r6Ko,True,
Animals,Martin Garrix,https://www.youtube.com/watch?v=gCYcHz2k5x0,True,
Love in This Club,Usher ft. Young Jeezy,https://www.youtube.com/watch?v=cB5e0zHRzHc,True,
Rock Star,N.E.R.D.,https://www.youtube.com/watch?v=qh9WuPzOjlI,True,
Sexy Can I,Ray J ft. Yung Berg,https://www.youtube.com/watch?v=YeVOnHce37Y,False,
Black,Dierks Bentley,https://www.youtube.com/watch?v=SPoJJ7D4knk,True,
DJ Got Us Fallin' In Love,Usher ft. Pitbull,https://www.youtube.com/watch?v=C-dvTjK_07c,True,
Love in This Club,Usher ft. Young Jeezy,https://www.youtube.com/watch?v=cB5e0zHRzHc,True,
I Don't Mind,Usher ft. Juicy J,https://www.youtube.com/watch?v=nSKUXqJ5l1k,Audio,
Shape of You,Ed Sheeran,https://www.youtube.com/watch?v=JGwWNGJdvx8,True,
Heart and Soul,,https://www.youtube.com/watch?v=WmsKqfxTwcE,False,
Rap Superstar,Cypress Hill,https://www.youtube.com/watch?v=C7D27mL2JkI,True,
Options,Pitbull ft. Stephen Marley,https://www.youtube.com/watch?v=xALCpLXcIYY,True,
Domino,Jessie J,https://www.youtube.com/watch?v=UJtB55MaoD0,True,
Work from Home,Fifth Harmony ft. Ty Dolla $ign,https://www.youtube.com/watch?v=5GL9JoH4Sws,True,
Bang Bang,"Jessie J ft. Ariana Grande, Nicki Minaj",https://www.youtube.com/watch?v=0HDdjwpPM3Y,True,
We like to Party!,Vengaboys,https://www.youtube.com/watch?v=6Zbi0XmGtMw,True,
"Boom, Boom, Boom, Boom!!",Vengaboys,https://www.youtube.com/watch?v=llyiQ4I-mcQ,True,
Time After Time,Cyndi Lauper,https://www.youtube.com/watch?v=VdQY7BusJNU,True,
Rockabye,"Clean Bandit ft. Sean Paul, Anne-Marie",https://www.youtube.com/watch?v=papuvlVeZg8,True,
Think A Little Less,Michael Ray,https://www.youtube.com/watch?v=ErZHI7lDLj8,True,
Hulapalu,Andreas Gabalier,https://www.youtube.com/watch?v=lHZtcC67yrY,True,
Despacito,Luis Fonsi ft. Daddy Yankee,https://www.youtube.com/watch?v=kJQP7kiw5Fk,True,
Bach Cello Suite No.1 in G Major,Yo-Yo Ma,https://www.youtube.com/watch?v=rGgG-0lOJjk,False,
Halcyon,Orbital,https://www.youtube.com/watch?v=hNwNNw0u97Y,True,
Open Up,Leftfield,https://www.youtube.com/watch?v=hZj9bi7YNmI,True,
Connected,Stereo MCs,https://www.youtube.com/watch?v=RVnPR6amHjA,True,
Cowgirl,Underworld,https://www.youtube.com/watch?v=EfH8qHFvEEY,False,
Circle Of Life,The Lion King,https://www.youtube.com/watch?v=GibiNy4d4gc,True,
Can You Feel The Love Tonight,The Lion King,https://www.youtube.com/watch?v=25QyCxVkXwQ,True,
Under the Sea,The Little Mermaid,https://www.youtube.com/watch?v=GC_mV1IpjWA,True,
Galvanize,The Chemical Brothers,https://www.youtube.com/watch?v=Xu3FTEmN-eg,True,
Galway Girl,Mundy ft. Sharon Shannon,https://www.youtube.com/watch?v=i3V-oXwCWL4,False,
Las Vegas (In the Hills of Donegal),Goats Don't Shave,https://www.youtube.com/watch?v=LwvhvDE3FMs,False,
Jolene,Miley Cyrus,https://www.youtube.com/watch?v=wOwblaKmyVw,True,
Somewhere over the Rainbow,Israel Kamakawiwoʻole,https://www.youtube.com/watch?v=V1bFr2SWP1I,True,
Achterbahn,Helene Fischer,https://www.youtube.com/watch?v=JfwjsjBcDoU,True,
Nur mit Dir,Helene Fischer,https://www.youtube.com/watch?v=K_MZiObEH9g,True,
Fehlerfrei,Helene Fischer,https://www.youtube.com/watch?v=W2zp7CCplJo,True,
Exotic,Priyanka Chopra ft. Pitbull,https://www.youtube.com/watch?v=sPhhZg9v9NU,True,
Major Tom (Völlig Losgelöst),Peter Schilling,https://www.youtube.com/watch?v=24r3LNXWi6o,False,
Skandal Im Sperrbezirk,Spider Murphy Gang,https://www.youtube.com/watch?v=StgXz5S8g48,False,
Ohne Dich (Schlaf Ich Heut Nacht nicht ein!),Münchner Freiheit,https://www.youtube.com/watch?v=SoZ8naG0sj0,False,
Kaleida,99 Luftballons,https://www.youtube.com/watch?v=Ym6DU9Nzh1s,True,
Rock Me Amadeus,Falco,https://www.youtube.com/watch?v=cVikZ8Oe_XA,True,
Jeanny,Falco,https://www.youtube.com/watch?v=tuQLnwMEQQc,False,
Rock mi,voXXclub,https://www.youtube.com/watch?v=lRzwE95E8dY,True,
Phänomen,Helene Fischer,https://www.youtube.com/watch?v=4qjMXPhofmI,True,
Die Immer Lacht,Stereoact feat. Kerstin Ott,https://www.youtube.com/watch?v=Bkj3IVIO2Os,True,
It Was a Good Day,Ice Cube,https://www.youtube.com/watch?v=h4UqMyldS7Q,True,
Levels,Avicii,https://www.youtube.com/watch?v=_ovdm2yX4MA,True,
On The Floor,Jennifer Lopez ft. Pitbull,https://www.youtube.com/watch?v=t4H_Zoh7G5A,True,
Wanksta,50 Cent,https://www.youtube.com/watch?v=ShOQQOy5pf8,True,
Baby,Justin Bieber ft. Ludacris,https://www.youtube.com/watch?v=kffacxfA7G4,True,
The Rattlin Bog,Rula Bula,https://www.youtube.com/watch?v=O1tIYSi7Oec,True,
Never Scared,"Bone Crusher ft. Killer Mike, T.I.",https://www.youtube.com/watch?v=ryIjCkw3Jfg,True,
Runnin' (Dying To Live),Tupac ft. Notorious B.I.G.,https://www.youtube.com/watch?v=IsHBnS3ZLSY,False,
Because I Got High,Afroman,https://www.youtube.com/watch?v=WeYsTmIzjkw,True,
Headstrong,Trapt,https://www.youtube.com/watch?v=HTvu1Yr3Ohk,True,
Jack & Diane,John Mellencamp,https://www.youtube.com/watch?v=h04CH9YZcpI,True,
The Right Kind Of Wrong,LeAnn Rimes,https://www.youtube.com/watch?v=YwmzOCbFHPA,False,
The Girl From Ipanema,Astrud Gilberto ft. João Gilberto and Stan Getz,https://www.youtube.com/watch?v=8PYKOo_jgJo,False,
There You Go,P!nk,https://www.youtube.com/watch?v=66LnhtnSoKc,True,
My Ding-A-Ling,Chuck Berry,https://www.youtube.com/watch?v=UaEC-lWSlmI,False,
Stuck In A Moment You Can't Get Out Of,U2,https://www.youtube.com/watch?v=emFUtuotHL4,False,
You Raise Me Up,Josh Groban,https://www.youtube.com/watch?v=aJxrX42WcjQ,True,
Ridin',Chamillionaire ft. Krayzie Bone,https://www.youtube.com/watch?v=CtwJvgPJ9xw,True,
Two Princes,Spin Doctors,https://github.com/davidbailey/Notes/blob/master/Music.csv,True,
Waterfalls,TLC,https://www.youtube.com/watch?v=8WEtxJ4-sh4,True,
You've Lost That Loving Feeling,Righteous Brothers,https://www.youtube.com/watch?v=uOnYY9Mw2Fg,False,
Danger Zone,Kenny Loggins,https://www.youtube.com/watch?v=siwpn14IE7E,True,
Take My Breath Away,Berlin,https://www.youtube.com/watch?v=Bx51eegLTY8,True,
Sweet Home Alabama,Lynyrd Skynyrd,https://www.youtube.com/watch?v=ye5BuYf8q4o,False,
"X Gon' Give It To Ya",DMX,https://www.youtube.com/watch?v=fGx6K90TmCI,True,
Close To You,Carpenters,https://www.youtube.com/watch?v=6inwzOooXRU,False,
"Runnin' Down A Dream",Tom Petty And The Heartbreakers,https://www.youtube.com/watch?v=Y1D3a5eDJIs,True,
"(Sittin' On) The Dock Of The Bay",Otis Redding,https://www.youtube.com/watch?v=rTVjnBo96Ug,True,
Seasons of Love,Rent,https://www.youtube.com/watch?v=hj7LRuusFqo,False,
Not Gonna Get Us,t.A.T.u.,https://www.youtube.com/watch?v=0HL-N9oOjcs,True,
No Scrubs,TLC,https://www.youtube.com/watch?v=FrLequ6dUdM,True,
My Boo,Usher ft. Alicia Keys,https://www.youtube.com/watch?v=fPgf2meEX1w,True,
"Parents Just Don't Understand",DJ Jazzy Jeff & The Fresh Prince,https://www.youtube.com/watch?v=jW3PFC86UNI,True,
Party Up (Up In Here),DMX,https://www.youtube.com/watch?v=thIVtEOtlWM,True,
Hard Knock Life,Jay Z,https://www.youtube.com/watch?v=k_y-V145mKw,False,
Hell Yeah,Ginuwine,https://www.youtube.com/watch?v=UettU5q-Ihw,False,
Hey Jealousy,Gin Blossoms,https://www.youtube.com/watch?v=ah5gAkna3jI,True,
How Do I Live?,LeAnn Rimes,https://www.youtube.com/watch?v=1Olo8gzgpC4,False,
I'm A Playa,Tech N9ne,https://www.youtube.com/watch?v=VrAeCjif058,False,
I Will Always Love You,Whitney Houston,https://www.youtube.com/watch?v=3JWTaaS7LdU,True,
I Can,Nas,https://www.youtube.com/watch?v=RvVfgvHucRY,True,
Baby Boy,Beyoncé ft. Sean Paul,https://www.youtube.com/watch?v=8ucz_pm3LX8,True,
I'm Always Here,Jimi Jamison,https://www.youtube.com/watch?v=ilAJJ3WHg6g,False,
What A Wonderful World,Louis Armstrong,https://www.youtube.com/watch?v=A3yCcXgbKrE,False,
Crazy Train,Ozzy Osbourne,https://www.youtube.com/watch?v=ZDZtbBZuqb0,False,
All You Wanted,Michelle Branch,https://www.youtube.com/watch?v=Cbo2n2MzxxE,True,
Collide,Howie Day,https://www.youtube.com/watch?v=ca9ub9rpNK4,True,
Nothin' To Lose,Josh Gracin,https://www.youtube.com/watch?v=wEIvcek1uao,True,
Rainy Days And Mondays,Carpenters,https://www.youtube.com/watch?v=PjFoQxjgbrs,True,
I'll Take That As A Yes,Phil Vassar,https://www.youtube.com/watch?v=2BIIElHLDo8,True,
Can't Help Falling In Love,Elvis Presley,https://www.youtube.com/watch?v=vGJTaP6anOU,True,
Girls,Beastie Boys,https://www.youtube.com/watch?v=lg_PNKah1ow,False,
Sabotage,Beastie Boys,https://www.youtube.com/watch?v=z5rRZdiu1UE,True,
What's Luv?,Fat Joe ft. Ashanti,https://www.youtube.com/watch?v=VpvyG2NrS1Y,True,
"It Wasn't Me",Shaggy,https://www.youtube.com/watch?v=2g5Hz17C4is,False,
Love Song,Sara Bareilles,https://www.youtube.com/watch?v=qi7Yh16dA0w,True,
Move Bitch,"Ludacris ft. Mystikal, I-20",https://www.youtube.com/watch?v=3oIbztWsY8g,False,
Air Force Ones,"Nelly ft. Kyjuan, Ali, Murphy Lee",https://www.youtube.com/watch?v=BfzsMQGqrt0,True,
Three Little Birds,Bob Marley,https://www.youtube.com/watch?v=zaGUr6wzyT8,False,
American Girl,Tom Petty and the Heartbreakers,https://www.youtube.com/watch?v=tXkblbJqwn0,False,
