Show,Link,Completed
Sailing SV Delos,https://www.youtube.com/user/Briantrautman,
Alias,,True
Seinfeld,,
Baywatch,,
This Old House,,
The New Yankee Workshop,,
Saved By The Bell,,
Clarissa Explains It All,,
Loveline,,
CarTalk,,
Thomas & Friends,,
Gossip Girl,,
Burn Notice,,True
Sex and the City,,True
HowToBBQRight,https://www.youtube.com/howtobbqright,True
Laura Kampf,https://www.youtube.com/c/laurakampf,True
frank howarth,https://www.youtube.com/c/frankhowarth,
Cleopatra 2525,,
Jack of All Trades,,
Xena: Warrior Princess,,
NCIS,,
Mr. Robot,,
Las Vegas,,
Formula 1: Drive to Survive,,True
